{"assets/category/all.png":["assets/category/all.png"],"assets/category/coffee.png":["assets/category/coffee.png"],"assets/category/drink.png":["assets/category/drink.png"],"assets/category/fastfood.png":["assets/category/fastfood.png"],"assets/category/pizza.png":["assets/category/pizza.png"],"assets/category/snacks.png":["assets/category/snacks.png"],"assets/custom_marker.png":["assets/custom_marker.png"],"assets/destination_map_marker.png":["assets/destination_map_marker.png"],"assets/driver-marker.png":["assets/driver-marker.png"],"assets/driving_pin.png":["assets/driving_pin.png"],"assets/facebook.png":["assets/facebook.png"],"assets/friend1.jpg":["assets/friend1.jpg"],"assets/friend2.jpg":["assets/friend2.jpg"],"assets/google.png":["assets/google.png"],"assets/icon.png":["assets/icon.png"],"assets/login-icon.png":["assets/login-icon.png"],"assets/onboarding/1.jpg":["assets/onboarding/1.jpg"],"assets/onboarding/2.jpg":["assets/onboarding/2.jpg"],"assets/onboarding/3.jpg":["assets/onboarding/3.jpg"],"assets/payment/master_card.png":["assets/payment/master_card.png"],"assets/payment/visa.png":["assets/payment/visa.png"],"assets/products/lemon_juice.png":["assets/products/lemon_juice.png"],"assets/products/orange_juice.png":["assets/products/orange_juice.png"],"assets/products/products_1.png":["assets/products/products_1.png"],"assets/products/products_10.png":["assets/products/products_10.png"],"assets/products/products_2.png":["assets/products/products_2.png"],"assets/products/products_3.png":["assets/products/products_3.png"],"assets/products/products_4.png":["assets/products/products_4.png"],"assets/products/products_5.png":["assets/products/products_5.png"],"assets/products/products_6.png":["assets/products/products_6.png"],"assets/products/products_7.png":["assets/products/products_7.png"],"assets/products/products_8.png":["assets/products/products_8.png"],"assets/products/products_9.png":["assets/products/products_9.png"],"assets/restaurant/restaurant_1.png":["assets/restaurant/restaurant_1.png"],"assets/restaurant/restaurant_2.png":["assets/restaurant/restaurant_2.png"],"assets/restaurant/restaurant_3.png":["assets/restaurant/restaurant_3.png"],"assets/restaurant/restaurant_4.png":["assets/restaurant/restaurant_4.png"],"assets/restaurant/restaurant_5.png":["assets/restaurant/restaurant_5.png"],"assets/restaurant_location.jpg":["assets/restaurant_location.jpg"],"assets/slider/slider_1.png":["assets/slider/slider_1.png"],"assets/slider/slider_2.png":["assets/slider/slider_2.png"],"assets/slider/slider_3.png":["assets/slider/slider_3.png"],"assets/slider/slider_4.png":["assets/slider/slider_4.png"],"assets/slider/slider_5.png":["assets/slider/slider_5.png"],"assets/slider/slider_6.png":["assets/slider/slider_6.png"],"assets/user_profile/user_1.jpg":["assets/user_profile/user_1.jpg"],"assets/user_profile/user_2.jpg":["assets/user_profile/user_2.jpg"],"assets/user_profile/user_3.jpg":["assets/user_profile/user_3.jpg"],"assets/user_profile/user_4.jpg":["assets/user_profile/user_4.jpg"],"assets/user_profile/user_5.jpg":["assets/user_profile/user_5.jpg"],"assets/user_profile/user_6.jpg":["assets/user_profile/user_6.jpg"],"assets/user_profile/user_7.jpg":["assets/user_profile/user_7.jpg"],"assets/user_profile/user_8.jpg":["assets/user_profile/user_8.jpg"],"images/account/ic_menu_aboutact.png":["images/account/ic_menu_aboutact.png"],"images/account/ic_menu_addressact.png":["images/account/ic_menu_addressact.png"],"images/account/ic_menu_logoutact.png":["images/account/ic_menu_logoutact.png"],"images/account/ic_menu_supportact.png":["images/account/ic_menu_supportact.png"],"images/account/ic_menu_tncact.png":["images/account/ic_menu_tncact.png"],"images/account/ic_menu_wallet.png":["images/account/ic_menu_wallet.png"],"images/account/ic_notification.png":["images/account/ic_notification.png"],"images/account/reffernearn.png":["images/account/reffernearn.png"],"images/account/reward.png":["images/account/reward.png"],"images/address/ic_homeblk.png":["images/address/ic_homeblk.png"],"images/address/ic_officeblk.png":["images/address/ic_officeblk.png"],"images/address/ic_otherblk.png":["images/address/ic_otherblk.png"],"images/chat_bg.png":["images/chat_bg.png"],"images/custom/ic_droppointact.png":["images/custom/ic_droppointact.png"],"images/custom/ic_instruction.png":["images/custom/ic_instruction.png"],"images/custom/ic_packageact.png":["images/custom/ic_packageact.png"],"images/custom/ic_pickup_pointact.png":["images/custom/ic_pickup_pointact.png"],"images/demosliderimage/image1.jpg":["images/demosliderimage/image1.jpg"],"images/demosliderimage/image2.png":["images/demosliderimage/image2.png"],"images/demosliderimage/image3.jpg":["images/demosliderimage/image3.jpg"],"images/demosliderimage/image4.jpg":["images/demosliderimage/image4.jpg"],"images/footermenu/ic_home.png":["images/footermenu/ic_home.png"],"images/footermenu/ic_homeact.png":["images/footermenu/ic_homeact.png"],"images/footermenu/ic_item.png":["images/footermenu/ic_item.png"],"images/footermenu/ic_itemact.png":["images/footermenu/ic_itemact.png"],"images/footermenu/ic_orders.png":["images/footermenu/ic_orders.png"],"images/footermenu/ic_ordersact.png":["images/footermenu/ic_ordersact.png"],"images/footermenu/ic_profile.png":["images/footermenu/ic_profile.png"],"images/footermenu/ic_profileact.png":["images/footermenu/ic_profileact.png"],"images/ic_pickup%20pointact.png":["images/ic_pickup%20pointact.png"],"images/icons/ic_cart%20blk.png":["images/icons/ic_cart%20blk.png"],"images/icons/ic_cart%20wt.png":["images/icons/ic_cart%20wt.png"],"images/icons/ic_mail.png":["images/icons/ic_mail.png"],"images/icons/ic_name.png":["images/icons/ic_name.png"],"images/icons/ic_phone.png":["images/icons/ic_phone.png"],"images/icons/ic_search.png":["images/icons/ic_search.png"],"images/layer_1.png":["images/layer_1.png"],"images/logos/0.png":["images/logos/0.png"],"images/logos/Delivery.gif":["images/logos/Delivery.gif"],"images/logos/logo_user.png":["images/logos/logo_user.png"],"images/maincategory/custom_deliveryact.png":["images/maincategory/custom_deliveryact.png"],"images/maincategory/food_mealsact.png":["images/maincategory/food_mealsact.png"],"images/maincategory/meat_fishact.png":["images/maincategory/meat_fishact.png"],"images/maincategory/pet_suppliesact.png":["images/maincategory/pet_suppliesact.png"],"images/maincategory/pharma_medicinesact.png":["images/maincategory/pharma_medicinesact.png"],"images/maincategory/vegetables_fruitsact.png":["images/maincategory/vegetables_fruitsact.png"],"images/map.png":["images/map.png"],"images/map_pin.png":["images/map_pin.png"],"images/order_placed.png":["images/order_placed.png"],"images/payment/amount.png":["images/payment/amount.png"],"images/payment/coupon.png":["images/payment/coupon.png"],"images/payment/coupon_amount.png":["images/payment/coupon_amount.png"],"images/payment/credit_card.png":["images/payment/credit_card.png"],"images/payment/payment_card.png":["images/payment/payment_card.png"],"images/payment/payment_cod.png":["images/payment/payment_cod.png"],"images/payment/payment_paypal.png":["images/payment/payment_paypal.png"],"images/payment/payment_payu.png":["images/payment/payment_payu.png"],"images/payment/payment_stripe.png":["images/payment/payment_stripe.png"],"images/payment/wallet.png":["images/payment/wallet.png"],"images/profile.png":["images/profile.png"],"images/refernearn/refernearn.jpg":["images/refernearn/refernearn.jpg"],"images/veg/Sellers/Layer%201.png":["images/veg/Sellers/Layer%201.png"],"images/veg/Sellers/Layer%202.png":["images/veg/Sellers/Layer%202.png"],"images/veg/Sellers/Layer%203.png":["images/veg/Sellers/Layer%203.png"],"images/veg/Sellers/Layer%204.png":["images/veg/Sellers/Layer%204.png"],"images/veg/Sellers/Layer%205.png":["images/veg/Sellers/Layer%205.png"],"images/veg/Vegetables/Cauliflower.png":["images/veg/Vegetables/Cauliflower.png"],"images/veg/Vegetables/Potatoes%20.png":["images/veg/Vegetables/Potatoes%20.png"],"images/veg/Vegetables/lady%20finger.png":["images/veg/Vegetables/lady%20finger.png"],"images/veg/Vegetables/onion.png":["images/veg/Vegetables/onion.png"],"images/veg/Vegetables/placeholder.png":["images/veg/Vegetables/placeholder.png"],"images/veg/Vegetables/tomato.png":["images/veg/Vegetables/tomato.png"],"packages/cupertino_icons/assets/CupertinoIcons.ttf":["packages/cupertino_icons/assets/CupertinoIcons.ttf"],"packages/fl_country_code_picker/assets/flags/ad.png":["packages/fl_country_code_picker/assets/flags/ad.png"],"packages/fl_country_code_picker/assets/flags/ae.png":["packages/fl_country_code_picker/assets/flags/ae.png"],"packages/fl_country_code_picker/assets/flags/af.png":["packages/fl_country_code_picker/assets/flags/af.png"],"packages/fl_country_code_picker/assets/flags/ag.png":["packages/fl_country_code_picker/assets/flags/ag.png"],"packages/fl_country_code_picker/assets/flags/ai.png":["packages/fl_country_code_picker/assets/flags/ai.png"],"packages/fl_country_code_picker/assets/flags/al.png":["packages/fl_country_code_picker/assets/flags/al.png"],"packages/fl_country_code_picker/assets/flags/am.png":["packages/fl_country_code_picker/assets/flags/am.png"],"packages/fl_country_code_picker/assets/flags/an.png":["packages/fl_country_code_picker/assets/flags/an.png"],"packages/fl_country_code_picker/assets/flags/ao.png":["packages/fl_country_code_picker/assets/flags/ao.png"],"packages/fl_country_code_picker/assets/flags/aq.png":["packages/fl_country_code_picker/assets/flags/aq.png"],"packages/fl_country_code_picker/assets/flags/ar.png":["packages/fl_country_code_picker/assets/flags/ar.png"],"packages/fl_country_code_picker/assets/flags/as.png":["packages/fl_country_code_picker/assets/flags/as.png"],"packages/fl_country_code_picker/assets/flags/at.png":["packages/fl_country_code_picker/assets/flags/at.png"],"packages/fl_country_code_picker/assets/flags/au.png":["packages/fl_country_code_picker/assets/flags/au.png"],"packages/fl_country_code_picker/assets/flags/aw.png":["packages/fl_country_code_picker/assets/flags/aw.png"],"packages/fl_country_code_picker/assets/flags/ax.png":["packages/fl_country_code_picker/assets/flags/ax.png"],"packages/fl_country_code_picker/assets/flags/az.png":["packages/fl_country_code_picker/assets/flags/az.png"],"packages/fl_country_code_picker/assets/flags/ba.png":["packages/fl_country_code_picker/assets/flags/ba.png"],"packages/fl_country_code_picker/assets/flags/bb.png":["packages/fl_country_code_picker/assets/flags/bb.png"],"packages/fl_country_code_picker/assets/flags/bd.png":["packages/fl_country_code_picker/assets/flags/bd.png"],"packages/fl_country_code_picker/assets/flags/be.png":["packages/fl_country_code_picker/assets/flags/be.png"],"packages/fl_country_code_picker/assets/flags/bf.png":["packages/fl_country_code_picker/assets/flags/bf.png"],"packages/fl_country_code_picker/assets/flags/bg.png":["packages/fl_country_code_picker/assets/flags/bg.png"],"packages/fl_country_code_picker/assets/flags/bh.png":["packages/fl_country_code_picker/assets/flags/bh.png"],"packages/fl_country_code_picker/assets/flags/bi.png":["packages/fl_country_code_picker/assets/flags/bi.png"],"packages/fl_country_code_picker/assets/flags/bj.png":["packages/fl_country_code_picker/assets/flags/bj.png"],"packages/fl_country_code_picker/assets/flags/bl.png":["packages/fl_country_code_picker/assets/flags/bl.png"],"packages/fl_country_code_picker/assets/flags/bm.png":["packages/fl_country_code_picker/assets/flags/bm.png"],"packages/fl_country_code_picker/assets/flags/bn.png":["packages/fl_country_code_picker/assets/flags/bn.png"],"packages/fl_country_code_picker/assets/flags/bo.png":["packages/fl_country_code_picker/assets/flags/bo.png"],"packages/fl_country_code_picker/assets/flags/bq.png":["packages/fl_country_code_picker/assets/flags/bq.png"],"packages/fl_country_code_picker/assets/flags/br.png":["packages/fl_country_code_picker/assets/flags/br.png"],"packages/fl_country_code_picker/assets/flags/bs.png":["packages/fl_country_code_picker/assets/flags/bs.png"],"packages/fl_country_code_picker/assets/flags/bt.png":["packages/fl_country_code_picker/assets/flags/bt.png"],"packages/fl_country_code_picker/assets/flags/bv.png":["packages/fl_country_code_picker/assets/flags/bv.png"],"packages/fl_country_code_picker/assets/flags/bw.png":["packages/fl_country_code_picker/assets/flags/bw.png"],"packages/fl_country_code_picker/assets/flags/by.png":["packages/fl_country_code_picker/assets/flags/by.png"],"packages/fl_country_code_picker/assets/flags/bz.png":["packages/fl_country_code_picker/assets/flags/bz.png"],"packages/fl_country_code_picker/assets/flags/ca.png":["packages/fl_country_code_picker/assets/flags/ca.png"],"packages/fl_country_code_picker/assets/flags/cc.png":["packages/fl_country_code_picker/assets/flags/cc.png"],"packages/fl_country_code_picker/assets/flags/cd.png":["packages/fl_country_code_picker/assets/flags/cd.png"],"packages/fl_country_code_picker/assets/flags/cf.png":["packages/fl_country_code_picker/assets/flags/cf.png"],"packages/fl_country_code_picker/assets/flags/cg.png":["packages/fl_country_code_picker/assets/flags/cg.png"],"packages/fl_country_code_picker/assets/flags/ch.png":["packages/fl_country_code_picker/assets/flags/ch.png"],"packages/fl_country_code_picker/assets/flags/ci.png":["packages/fl_country_code_picker/assets/flags/ci.png"],"packages/fl_country_code_picker/assets/flags/ck.png":["packages/fl_country_code_picker/assets/flags/ck.png"],"packages/fl_country_code_picker/assets/flags/cl.png":["packages/fl_country_code_picker/assets/flags/cl.png"],"packages/fl_country_code_picker/assets/flags/cm.png":["packages/fl_country_code_picker/assets/flags/cm.png"],"packages/fl_country_code_picker/assets/flags/cn.png":["packages/fl_country_code_picker/assets/flags/cn.png"],"packages/fl_country_code_picker/assets/flags/co.png":["packages/fl_country_code_picker/assets/flags/co.png"],"packages/fl_country_code_picker/assets/flags/cr.png":["packages/fl_country_code_picker/assets/flags/cr.png"],"packages/fl_country_code_picker/assets/flags/cu.png":["packages/fl_country_code_picker/assets/flags/cu.png"],"packages/fl_country_code_picker/assets/flags/cv.png":["packages/fl_country_code_picker/assets/flags/cv.png"],"packages/fl_country_code_picker/assets/flags/cw.png":["packages/fl_country_code_picker/assets/flags/cw.png"],"packages/fl_country_code_picker/assets/flags/cx.png":["packages/fl_country_code_picker/assets/flags/cx.png"],"packages/fl_country_code_picker/assets/flags/cy.png":["packages/fl_country_code_picker/assets/flags/cy.png"],"packages/fl_country_code_picker/assets/flags/cz.png":["packages/fl_country_code_picker/assets/flags/cz.png"],"packages/fl_country_code_picker/assets/flags/de.png":["packages/fl_country_code_picker/assets/flags/de.png"],"packages/fl_country_code_picker/assets/flags/dj.png":["packages/fl_country_code_picker/assets/flags/dj.png"],"packages/fl_country_code_picker/assets/flags/dk.png":["packages/fl_country_code_picker/assets/flags/dk.png"],"packages/fl_country_code_picker/assets/flags/dm.png":["packages/fl_country_code_picker/assets/flags/dm.png"],"packages/fl_country_code_picker/assets/flags/do.png":["packages/fl_country_code_picker/assets/flags/do.png"],"packages/fl_country_code_picker/assets/flags/dz.png":["packages/fl_country_code_picker/assets/flags/dz.png"],"packages/fl_country_code_picker/assets/flags/ec.png":["packages/fl_country_code_picker/assets/flags/ec.png"],"packages/fl_country_code_picker/assets/flags/ee.png":["packages/fl_country_code_picker/assets/flags/ee.png"],"packages/fl_country_code_picker/assets/flags/eg.png":["packages/fl_country_code_picker/assets/flags/eg.png"],"packages/fl_country_code_picker/assets/flags/eh.png":["packages/fl_country_code_picker/assets/flags/eh.png"],"packages/fl_country_code_picker/assets/flags/er.png":["packages/fl_country_code_picker/assets/flags/er.png"],"packages/fl_country_code_picker/assets/flags/es.png":["packages/fl_country_code_picker/assets/flags/es.png"],"packages/fl_country_code_picker/assets/flags/et.png":["packages/fl_country_code_picker/assets/flags/et.png"],"packages/fl_country_code_picker/assets/flags/eu.png":["packages/fl_country_code_picker/assets/flags/eu.png"],"packages/fl_country_code_picker/assets/flags/fi.png":["packages/fl_country_code_picker/assets/flags/fi.png"],"packages/fl_country_code_picker/assets/flags/fj.png":["packages/fl_country_code_picker/assets/flags/fj.png"],"packages/fl_country_code_picker/assets/flags/fk.png":["packages/fl_country_code_picker/assets/flags/fk.png"],"packages/fl_country_code_picker/assets/flags/fm.png":["packages/fl_country_code_picker/assets/flags/fm.png"],"packages/fl_country_code_picker/assets/flags/fo.png":["packages/fl_country_code_picker/assets/flags/fo.png"],"packages/fl_country_code_picker/assets/flags/fr.png":["packages/fl_country_code_picker/assets/flags/fr.png"],"packages/fl_country_code_picker/assets/flags/ga.png":["packages/fl_country_code_picker/assets/flags/ga.png"],"packages/fl_country_code_picker/assets/flags/gb-eng.png":["packages/fl_country_code_picker/assets/flags/gb-eng.png"],"packages/fl_country_code_picker/assets/flags/gb-nir.png":["packages/fl_country_code_picker/assets/flags/gb-nir.png"],"packages/fl_country_code_picker/assets/flags/gb-sct.png":["packages/fl_country_code_picker/assets/flags/gb-sct.png"],"packages/fl_country_code_picker/assets/flags/gb-wls.png":["packages/fl_country_code_picker/assets/flags/gb-wls.png"],"packages/fl_country_code_picker/assets/flags/gb.png":["packages/fl_country_code_picker/assets/flags/gb.png"],"packages/fl_country_code_picker/assets/flags/gd.png":["packages/fl_country_code_picker/assets/flags/gd.png"],"packages/fl_country_code_picker/assets/flags/ge.png":["packages/fl_country_code_picker/assets/flags/ge.png"],"packages/fl_country_code_picker/assets/flags/gf.png":["packages/fl_country_code_picker/assets/flags/gf.png"],"packages/fl_country_code_picker/assets/flags/gg.png":["packages/fl_country_code_picker/assets/flags/gg.png"],"packages/fl_country_code_picker/assets/flags/gh.png":["packages/fl_country_code_picker/assets/flags/gh.png"],"packages/fl_country_code_picker/assets/flags/gi.png":["packages/fl_country_code_picker/assets/flags/gi.png"],"packages/fl_country_code_picker/assets/flags/gl.png":["packages/fl_country_code_picker/assets/flags/gl.png"],"packages/fl_country_code_picker/assets/flags/gm.png":["packages/fl_country_code_picker/assets/flags/gm.png"],"packages/fl_country_code_picker/assets/flags/gn.png":["packages/fl_country_code_picker/assets/flags/gn.png"],"packages/fl_country_code_picker/assets/flags/gp.png":["packages/fl_country_code_picker/assets/flags/gp.png"],"packages/fl_country_code_picker/assets/flags/gq.png":["packages/fl_country_code_picker/assets/flags/gq.png"],"packages/fl_country_code_picker/assets/flags/gr.png":["packages/fl_country_code_picker/assets/flags/gr.png"],"packages/fl_country_code_picker/assets/flags/gs.png":["packages/fl_country_code_picker/assets/flags/gs.png"],"packages/fl_country_code_picker/assets/flags/gt.png":["packages/fl_country_code_picker/assets/flags/gt.png"],"packages/fl_country_code_picker/assets/flags/gu.png":["packages/fl_country_code_picker/assets/flags/gu.png"],"packages/fl_country_code_picker/assets/flags/gw.png":["packages/fl_country_code_picker/assets/flags/gw.png"],"packages/fl_country_code_picker/assets/flags/gy.png":["packages/fl_country_code_picker/assets/flags/gy.png"],"packages/fl_country_code_picker/assets/flags/hk.png":["packages/fl_country_code_picker/assets/flags/hk.png"],"packages/fl_country_code_picker/assets/flags/hm.png":["packages/fl_country_code_picker/assets/flags/hm.png"],"packages/fl_country_code_picker/assets/flags/hn.png":["packages/fl_country_code_picker/assets/flags/hn.png"],"packages/fl_country_code_picker/assets/flags/hr.png":["packages/fl_country_code_picker/assets/flags/hr.png"],"packages/fl_country_code_picker/assets/flags/ht.png":["packages/fl_country_code_picker/assets/flags/ht.png"],"packages/fl_country_code_picker/assets/flags/hu.png":["packages/fl_country_code_picker/assets/flags/hu.png"],"packages/fl_country_code_picker/assets/flags/id.png":["packages/fl_country_code_picker/assets/flags/id.png"],"packages/fl_country_code_picker/assets/flags/ie.png":["packages/fl_country_code_picker/assets/flags/ie.png"],"packages/fl_country_code_picker/assets/flags/il.png":["packages/fl_country_code_picker/assets/flags/il.png"],"packages/fl_country_code_picker/assets/flags/im.png":["packages/fl_country_code_picker/assets/flags/im.png"],"packages/fl_country_code_picker/assets/flags/in.png":["packages/fl_country_code_picker/assets/flags/in.png"],"packages/fl_country_code_picker/assets/flags/io.png":["packages/fl_country_code_picker/assets/flags/io.png"],"packages/fl_country_code_picker/assets/flags/iq.png":["packages/fl_country_code_picker/assets/flags/iq.png"],"packages/fl_country_code_picker/assets/flags/ir.png":["packages/fl_country_code_picker/assets/flags/ir.png"],"packages/fl_country_code_picker/assets/flags/is.png":["packages/fl_country_code_picker/assets/flags/is.png"],"packages/fl_country_code_picker/assets/flags/it.png":["packages/fl_country_code_picker/assets/flags/it.png"],"packages/fl_country_code_picker/assets/flags/je.png":["packages/fl_country_code_picker/assets/flags/je.png"],"packages/fl_country_code_picker/assets/flags/jm.png":["packages/fl_country_code_picker/assets/flags/jm.png"],"packages/fl_country_code_picker/assets/flags/jo.png":["packages/fl_country_code_picker/assets/flags/jo.png"],"packages/fl_country_code_picker/assets/flags/jp.png":["packages/fl_country_code_picker/assets/flags/jp.png"],"packages/fl_country_code_picker/assets/flags/ke.png":["packages/fl_country_code_picker/assets/flags/ke.png"],"packages/fl_country_code_picker/assets/flags/kg.png":["packages/fl_country_code_picker/assets/flags/kg.png"],"packages/fl_country_code_picker/assets/flags/kh.png":["packages/fl_country_code_picker/assets/flags/kh.png"],"packages/fl_country_code_picker/assets/flags/ki.png":["packages/fl_country_code_picker/assets/flags/ki.png"],"packages/fl_country_code_picker/assets/flags/km.png":["packages/fl_country_code_picker/assets/flags/km.png"],"packages/fl_country_code_picker/assets/flags/kn.png":["packages/fl_country_code_picker/assets/flags/kn.png"],"packages/fl_country_code_picker/assets/flags/kp.png":["packages/fl_country_code_picker/assets/flags/kp.png"],"packages/fl_country_code_picker/assets/flags/kr.png":["packages/fl_country_code_picker/assets/flags/kr.png"],"packages/fl_country_code_picker/assets/flags/kw.png":["packages/fl_country_code_picker/assets/flags/kw.png"],"packages/fl_country_code_picker/assets/flags/ky.png":["packages/fl_country_code_picker/assets/flags/ky.png"],"packages/fl_country_code_picker/assets/flags/kz.png":["packages/fl_country_code_picker/assets/flags/kz.png"],"packages/fl_country_code_picker/assets/flags/la.png":["packages/fl_country_code_picker/assets/flags/la.png"],"packages/fl_country_code_picker/assets/flags/lb.png":["packages/fl_country_code_picker/assets/flags/lb.png"],"packages/fl_country_code_picker/assets/flags/lc.png":["packages/fl_country_code_picker/assets/flags/lc.png"],"packages/fl_country_code_picker/assets/flags/li.png":["packages/fl_country_code_picker/assets/flags/li.png"],"packages/fl_country_code_picker/assets/flags/lk.png":["packages/fl_country_code_picker/assets/flags/lk.png"],"packages/fl_country_code_picker/assets/flags/lr.png":["packages/fl_country_code_picker/assets/flags/lr.png"],"packages/fl_country_code_picker/assets/flags/ls.png":["packages/fl_country_code_picker/assets/flags/ls.png"],"packages/fl_country_code_picker/assets/flags/lt.png":["packages/fl_country_code_picker/assets/flags/lt.png"],"packages/fl_country_code_picker/assets/flags/lu.png":["packages/fl_country_code_picker/assets/flags/lu.png"],"packages/fl_country_code_picker/assets/flags/lv.png":["packages/fl_country_code_picker/assets/flags/lv.png"],"packages/fl_country_code_picker/assets/flags/ly.png":["packages/fl_country_code_picker/assets/flags/ly.png"],"packages/fl_country_code_picker/assets/flags/ma.png":["packages/fl_country_code_picker/assets/flags/ma.png"],"packages/fl_country_code_picker/assets/flags/mc.png":["packages/fl_country_code_picker/assets/flags/mc.png"],"packages/fl_country_code_picker/assets/flags/md.png":["packages/fl_country_code_picker/assets/flags/md.png"],"packages/fl_country_code_picker/assets/flags/me.png":["packages/fl_country_code_picker/assets/flags/me.png"],"packages/fl_country_code_picker/assets/flags/mf.png":["packages/fl_country_code_picker/assets/flags/mf.png"],"packages/fl_country_code_picker/assets/flags/mg.png":["packages/fl_country_code_picker/assets/flags/mg.png"],"packages/fl_country_code_picker/assets/flags/mh.png":["packages/fl_country_code_picker/assets/flags/mh.png"],"packages/fl_country_code_picker/assets/flags/mk.png":["packages/fl_country_code_picker/assets/flags/mk.png"],"packages/fl_country_code_picker/assets/flags/ml.png":["packages/fl_country_code_picker/assets/flags/ml.png"],"packages/fl_country_code_picker/assets/flags/mm.png":["packages/fl_country_code_picker/assets/flags/mm.png"],"packages/fl_country_code_picker/assets/flags/mn.png":["packages/fl_country_code_picker/assets/flags/mn.png"],"packages/fl_country_code_picker/assets/flags/mo.png":["packages/fl_country_code_picker/assets/flags/mo.png"],"packages/fl_country_code_picker/assets/flags/mp.png":["packages/fl_country_code_picker/assets/flags/mp.png"],"packages/fl_country_code_picker/assets/flags/mq.png":["packages/fl_country_code_picker/assets/flags/mq.png"],"packages/fl_country_code_picker/assets/flags/mr.png":["packages/fl_country_code_picker/assets/flags/mr.png"],"packages/fl_country_code_picker/assets/flags/ms.png":["packages/fl_country_code_picker/assets/flags/ms.png"],"packages/fl_country_code_picker/assets/flags/mt.png":["packages/fl_country_code_picker/assets/flags/mt.png"],"packages/fl_country_code_picker/assets/flags/mu.png":["packages/fl_country_code_picker/assets/flags/mu.png"],"packages/fl_country_code_picker/assets/flags/mv.png":["packages/fl_country_code_picker/assets/flags/mv.png"],"packages/fl_country_code_picker/assets/flags/mw.png":["packages/fl_country_code_picker/assets/flags/mw.png"],"packages/fl_country_code_picker/assets/flags/mx.png":["packages/fl_country_code_picker/assets/flags/mx.png"],"packages/fl_country_code_picker/assets/flags/my.png":["packages/fl_country_code_picker/assets/flags/my.png"],"packages/fl_country_code_picker/assets/flags/mz.png":["packages/fl_country_code_picker/assets/flags/mz.png"],"packages/fl_country_code_picker/assets/flags/na.png":["packages/fl_country_code_picker/assets/flags/na.png"],"packages/fl_country_code_picker/assets/flags/nc.png":["packages/fl_country_code_picker/assets/flags/nc.png"],"packages/fl_country_code_picker/assets/flags/ne.png":["packages/fl_country_code_picker/assets/flags/ne.png"],"packages/fl_country_code_picker/assets/flags/nf.png":["packages/fl_country_code_picker/assets/flags/nf.png"],"packages/fl_country_code_picker/assets/flags/ng.png":["packages/fl_country_code_picker/assets/flags/ng.png"],"packages/fl_country_code_picker/assets/flags/ni.png":["packages/fl_country_code_picker/assets/flags/ni.png"],"packages/fl_country_code_picker/assets/flags/nl.png":["packages/fl_country_code_picker/assets/flags/nl.png"],"packages/fl_country_code_picker/assets/flags/no.png":["packages/fl_country_code_picker/assets/flags/no.png"],"packages/fl_country_code_picker/assets/flags/np.png":["packages/fl_country_code_picker/assets/flags/np.png"],"packages/fl_country_code_picker/assets/flags/nr.png":["packages/fl_country_code_picker/assets/flags/nr.png"],"packages/fl_country_code_picker/assets/flags/nu.png":["packages/fl_country_code_picker/assets/flags/nu.png"],"packages/fl_country_code_picker/assets/flags/nz.png":["packages/fl_country_code_picker/assets/flags/nz.png"],"packages/fl_country_code_picker/assets/flags/om.png":["packages/fl_country_code_picker/assets/flags/om.png"],"packages/fl_country_code_picker/assets/flags/pa.png":["packages/fl_country_code_picker/assets/flags/pa.png"],"packages/fl_country_code_picker/assets/flags/pe.png":["packages/fl_country_code_picker/assets/flags/pe.png"],"packages/fl_country_code_picker/assets/flags/pf.png":["packages/fl_country_code_picker/assets/flags/pf.png"],"packages/fl_country_code_picker/assets/flags/pg.png":["packages/fl_country_code_picker/assets/flags/pg.png"],"packages/fl_country_code_picker/assets/flags/ph.png":["packages/fl_country_code_picker/assets/flags/ph.png"],"packages/fl_country_code_picker/assets/flags/pk.png":["packages/fl_country_code_picker/assets/flags/pk.png"],"packages/fl_country_code_picker/assets/flags/pl.png":["packages/fl_country_code_picker/assets/flags/pl.png"],"packages/fl_country_code_picker/assets/flags/pm.png":["packages/fl_country_code_picker/assets/flags/pm.png"],"packages/fl_country_code_picker/assets/flags/pn.png":["packages/fl_country_code_picker/assets/flags/pn.png"],"packages/fl_country_code_picker/assets/flags/pr.png":["packages/fl_country_code_picker/assets/flags/pr.png"],"packages/fl_country_code_picker/assets/flags/ps.png":["packages/fl_country_code_picker/assets/flags/ps.png"],"packages/fl_country_code_picker/assets/flags/pt.png":["packages/fl_country_code_picker/assets/flags/pt.png"],"packages/fl_country_code_picker/assets/flags/pw.png":["packages/fl_country_code_picker/assets/flags/pw.png"],"packages/fl_country_code_picker/assets/flags/py.png":["packages/fl_country_code_picker/assets/flags/py.png"],"packages/fl_country_code_picker/assets/flags/qa.png":["packages/fl_country_code_picker/assets/flags/qa.png"],"packages/fl_country_code_picker/assets/flags/re.png":["packages/fl_country_code_picker/assets/flags/re.png"],"packages/fl_country_code_picker/assets/flags/ro.png":["packages/fl_country_code_picker/assets/flags/ro.png"],"packages/fl_country_code_picker/assets/flags/rs.png":["packages/fl_country_code_picker/assets/flags/rs.png"],"packages/fl_country_code_picker/assets/flags/ru.png":["packages/fl_country_code_picker/assets/flags/ru.png"],"packages/fl_country_code_picker/assets/flags/rw.png":["packages/fl_country_code_picker/assets/flags/rw.png"],"packages/fl_country_code_picker/assets/flags/sa.png":["packages/fl_country_code_picker/assets/flags/sa.png"],"packages/fl_country_code_picker/assets/flags/sb.png":["packages/fl_country_code_picker/assets/flags/sb.png"],"packages/fl_country_code_picker/assets/flags/sc.png":["packages/fl_country_code_picker/assets/flags/sc.png"],"packages/fl_country_code_picker/assets/flags/sd.png":["packages/fl_country_code_picker/assets/flags/sd.png"],"packages/fl_country_code_picker/assets/flags/se.png":["packages/fl_country_code_picker/assets/flags/se.png"],"packages/fl_country_code_picker/assets/flags/sg.png":["packages/fl_country_code_picker/assets/flags/sg.png"],"packages/fl_country_code_picker/assets/flags/sh.png":["packages/fl_country_code_picker/assets/flags/sh.png"],"packages/fl_country_code_picker/assets/flags/si.png":["packages/fl_country_code_picker/assets/flags/si.png"],"packages/fl_country_code_picker/assets/flags/sj.png":["packages/fl_country_code_picker/assets/flags/sj.png"],"packages/fl_country_code_picker/assets/flags/sk.png":["packages/fl_country_code_picker/assets/flags/sk.png"],"packages/fl_country_code_picker/assets/flags/sl.png":["packages/fl_country_code_picker/assets/flags/sl.png"],"packages/fl_country_code_picker/assets/flags/sm.png":["packages/fl_country_code_picker/assets/flags/sm.png"],"packages/fl_country_code_picker/assets/flags/sn.png":["packages/fl_country_code_picker/assets/flags/sn.png"],"packages/fl_country_code_picker/assets/flags/so.png":["packages/fl_country_code_picker/assets/flags/so.png"],"packages/fl_country_code_picker/assets/flags/sr.png":["packages/fl_country_code_picker/assets/flags/sr.png"],"packages/fl_country_code_picker/assets/flags/ss.png":["packages/fl_country_code_picker/assets/flags/ss.png"],"packages/fl_country_code_picker/assets/flags/st.png":["packages/fl_country_code_picker/assets/flags/st.png"],"packages/fl_country_code_picker/assets/flags/sv.png":["packages/fl_country_code_picker/assets/flags/sv.png"],"packages/fl_country_code_picker/assets/flags/sx.png":["packages/fl_country_code_picker/assets/flags/sx.png"],"packages/fl_country_code_picker/assets/flags/sy.png":["packages/fl_country_code_picker/assets/flags/sy.png"],"packages/fl_country_code_picker/assets/flags/sz.png":["packages/fl_country_code_picker/assets/flags/sz.png"],"packages/fl_country_code_picker/assets/flags/tc.png":["packages/fl_country_code_picker/assets/flags/tc.png"],"packages/fl_country_code_picker/assets/flags/td.png":["packages/fl_country_code_picker/assets/flags/td.png"],"packages/fl_country_code_picker/assets/flags/tf.png":["packages/fl_country_code_picker/assets/flags/tf.png"],"packages/fl_country_code_picker/assets/flags/tg.png":["packages/fl_country_code_picker/assets/flags/tg.png"],"packages/fl_country_code_picker/assets/flags/th.png":["packages/fl_country_code_picker/assets/flags/th.png"],"packages/fl_country_code_picker/assets/flags/tj.png":["packages/fl_country_code_picker/assets/flags/tj.png"],"packages/fl_country_code_picker/assets/flags/tk.png":["packages/fl_country_code_picker/assets/flags/tk.png"],"packages/fl_country_code_picker/assets/flags/tl.png":["packages/fl_country_code_picker/assets/flags/tl.png"],"packages/fl_country_code_picker/assets/flags/tm.png":["packages/fl_country_code_picker/assets/flags/tm.png"],"packages/fl_country_code_picker/assets/flags/tn.png":["packages/fl_country_code_picker/assets/flags/tn.png"],"packages/fl_country_code_picker/assets/flags/to.png":["packages/fl_country_code_picker/assets/flags/to.png"],"packages/fl_country_code_picker/assets/flags/tr.png":["packages/fl_country_code_picker/assets/flags/tr.png"],"packages/fl_country_code_picker/assets/flags/tt.png":["packages/fl_country_code_picker/assets/flags/tt.png"],"packages/fl_country_code_picker/assets/flags/tv.png":["packages/fl_country_code_picker/assets/flags/tv.png"],"packages/fl_country_code_picker/assets/flags/tw.png":["packages/fl_country_code_picker/assets/flags/tw.png"],"packages/fl_country_code_picker/assets/flags/tz.png":["packages/fl_country_code_picker/assets/flags/tz.png"],"packages/fl_country_code_picker/assets/flags/ua.png":["packages/fl_country_code_picker/assets/flags/ua.png"],"packages/fl_country_code_picker/assets/flags/ug.png":["packages/fl_country_code_picker/assets/flags/ug.png"],"packages/fl_country_code_picker/assets/flags/um.png":["packages/fl_country_code_picker/assets/flags/um.png"],"packages/fl_country_code_picker/assets/flags/us.png":["packages/fl_country_code_picker/assets/flags/us.png"],"packages/fl_country_code_picker/assets/flags/uy.png":["packages/fl_country_code_picker/assets/flags/uy.png"],"packages/fl_country_code_picker/assets/flags/uz.png":["packages/fl_country_code_picker/assets/flags/uz.png"],"packages/fl_country_code_picker/assets/flags/va.png":["packages/fl_country_code_picker/assets/flags/va.png"],"packages/fl_country_code_picker/assets/flags/vc.png":["packages/fl_country_code_picker/assets/flags/vc.png"],"packages/fl_country_code_picker/assets/flags/ve.png":["packages/fl_country_code_picker/assets/flags/ve.png"],"packages/fl_country_code_picker/assets/flags/vg.png":["packages/fl_country_code_picker/assets/flags/vg.png"],"packages/fl_country_code_picker/assets/flags/vi.png":["packages/fl_country_code_picker/assets/flags/vi.png"],"packages/fl_country_code_picker/assets/flags/vn.png":["packages/fl_country_code_picker/assets/flags/vn.png"],"packages/fl_country_code_picker/assets/flags/vu.png":["packages/fl_country_code_picker/assets/flags/vu.png"],"packages/fl_country_code_picker/assets/flags/wf.png":["packages/fl_country_code_picker/assets/flags/wf.png"],"packages/fl_country_code_picker/assets/flags/ws.png":["packages/fl_country_code_picker/assets/flags/ws.png"],"packages/fl_country_code_picker/assets/flags/xk.png":["packages/fl_country_code_picker/assets/flags/xk.png"],"packages/fl_country_code_picker/assets/flags/ye.png":["packages/fl_country_code_picker/assets/flags/ye.png"],"packages/fl_country_code_picker/assets/flags/yt.png":["packages/fl_country_code_picker/assets/flags/yt.png"],"packages/fl_country_code_picker/assets/flags/za.png":["packages/fl_country_code_picker/assets/flags/za.png"],"packages/fl_country_code_picker/assets/flags/zm.png":["packages/fl_country_code_picker/assets/flags/zm.png"],"packages/fl_country_code_picker/assets/flags/zw.png":["packages/fl_country_code_picker/assets/flags/zw.png"],"packages/flutter_google_places_hoc081098/assets/google_black.png":["packages/flutter_google_places_hoc081098/assets/google_black.png"],"packages/flutter_google_places_hoc081098/assets/google_white.png":["packages/flutter_google_places_hoc081098/assets/google_white.png"],"packages/flutter_paystack/assets/images/american_express.png":["packages/flutter_paystack/assets/images/american_express.png"],"packages/flutter_paystack/assets/images/dinners_club.png":["packages/flutter_paystack/assets/images/dinners_club.png"],"packages/flutter_paystack/assets/images/discover.png":["packages/flutter_paystack/assets/images/discover.png"],"packages/flutter_paystack/assets/images/dob.png":["packages/flutter_paystack/assets/images/dob.png"],"packages/flutter_paystack/assets/images/jcb.png":["packages/flutter_paystack/assets/images/jcb.png"],"packages/flutter_paystack/assets/images/mastercard.png":["packages/flutter_paystack/assets/images/mastercard.png"],"packages/flutter_paystack/assets/images/otp.png":["packages/flutter_paystack/assets/images/otp.png"],"packages/flutter_paystack/assets/images/paystack.png":["packages/flutter_paystack/assets/images/paystack.png"],"packages/flutter_paystack/assets/images/paystack_icon.png":["packages/flutter_paystack/assets/images/paystack_icon.png"],"packages/flutter_paystack/assets/images/successful.png":["packages/flutter_paystack/assets/images/successful.png"],"packages/flutter_paystack/assets/images/verve.png":["packages/flutter_paystack/assets/images/verve.png"],"packages/flutter_paystack/assets/images/visa.png":["packages/flutter_paystack/assets/images/visa.png"],"packages/fluttertoast/assets/toastify.css":["packages/fluttertoast/assets/toastify.css"],"packages/fluttertoast/assets/toastify.js":["packages/fluttertoast/assets/toastify.js"],"packages/toast/assets/toastify.css":["packages/toast/assets/toastify.css"],"packages/toast/assets/toastify.js":["packages/toast/assets/toastify.js"]}